"","trialNum","numTeachers","numAssessments","numExamples","teacherMu","sorted","IG"
"1",0,5,2,3,0.5,"unsorted",141.740534105266
"2",0,5,2,3,0.5,"sorted",147.211122692755
"3",0,5,2,3,0.6,"unsorted",145.326406372636
"4",0,5,2,3,0.6,"sorted",147.839440135823
"5",0,5,2,3,0.7,"unsorted",151.619448960746
"6",0,5,2,3,0.7,"sorted",151.11528582675
"7",0,5,2,3,0.8,"unsorted",155.90516324646
"8",0,5,2,3,0.8,"sorted",154.734351981288
"9",0,5,2,3,0.9,"unsorted",159.65516324646
"10",0,5,2,3,0.9,"sorted",159.65516324646
"11",1,5,2,3,0.5,"unsorted",145.504521031867
"12",1,5,2,3,0.5,"sorted",146.238490206947
"13",1,5,2,3,0.6,"unsorted",146.688668082449
"14",1,5,2,3,0.6,"sorted",146.688668082449
"15",1,5,2,3,0.7,"unsorted",148.558506290361
"16",1,5,2,3,0.7,"sorted",148.558506290361
"17",1,5,2,3,0.8,"unsorted",152.010553423218
"18",1,5,2,3,0.8,"sorted",152.010553423218
"19",1,5,2,3,0.9,"unsorted",156.430589400478
"20",1,5,2,3,0.9,"sorted",156.430589400478
"21",2,5,2,3,0.5,"unsorted",142.516568945632
"22",2,5,2,3,0.5,"sorted",146.77748670768
"23",2,5,2,3,0.6,"unsorted",145.607848049068
"24",2,5,2,3,0.6,"sorted",148.062583687138
"25",2,5,2,3,0.7,"unsorted",150.607848049068
"26",2,5,2,3,0.7,"sorted",151.223526357522
"27",2,5,2,3,0.8,"unsorted",154.893562334782
"28",2,5,2,3,0.8,"sorted",154.893562334782
"29",2,5,2,3,0.9,"unsorted",158.643562334782
"30",2,5,2,3,0.9,"sorted",158.643562334782
"31",3,5,2,3,0.5,"unsorted",140.822389804743
"32",3,5,2,3,0.5,"sorted",147.073136949781
"33",3,5,2,3,0.6,"unsorted",146.088420629663
"34",3,5,2,3,0.6,"sorted",148.358233929239
"35",3,5,2,3,0.7,"unsorted",151.088420629663
"36",3,5,2,3,0.7,"sorted",151.596366238314
"37",3,5,2,3,0.8,"unsorted",155.374134915377
"38",3,5,2,3,0.8,"sorted",155.374134915377
"39",3,5,2,3,0.9,"unsorted",159.124134915377
"40",3,5,2,3,0.9,"sorted",159.124134915377
"41",4,5,2,3,0.5,"unsorted",139.099623207002
"42",4,5,2,3,0.5,"sorted",143.445282197505
"43",4,5,2,3,0.6,"unsorted",137.189871517217
"44",4,5,2,3,0.6,"sorted",142.030379176962
"45",4,5,2,3,0.7,"unsorted",140.021263651825
"46",4,5,2,3,0.7,"sorted",140.800573135878
"47",4,5,2,3,0.8,"unsorted",144.306977937539
"48",4,5,2,3,0.8,"sorted",143.529209260477
"49",4,5,2,3,0.9,"unsorted",148.056977937539
"50",4,5,2,3,0.9,"sorted",148.056977937539
"51",5,5,2,3,0.5,"unsorted",143.728509919607
"52",5,5,2,3,0.5,"sorted",144.495104322003
"53",5,5,2,3,0.6,"unsorted",145.780201301461
"54",5,5,2,3,0.6,"sorted",146.619258631076
"55",5,5,2,3,0.7,"unsorted",149.290546559435
"56",5,5,2,3,0.7,"sorted",150.414170476541
"57",5,5,2,3,0.8,"unsorted",153.576260845149
"58",5,5,2,3,0.8,"sorted",153.576260845149
"59",5,5,2,3,0.9,"unsorted",157.326260845149
"60",5,5,2,3,0.9,"sorted",157.326260845149
"61",6,5,2,3,0.5,"unsorted",150.730331707628
"62",6,5,2,3,0.5,"sorted",153.575427120655
"63",6,5,2,3,0.6,"unsorted",153.296362532548
"64",6,5,2,3,0.6,"sorted",156.251272811582
"65",6,5,2,3,0.7,"unsorted",157.705613821079
"66",6,5,2,3,0.7,"sorted",158.87033896612
"67",6,5,2,3,0.8,"unsorted",162.032429334727
"68",6,5,2,3,0.8,"sorted",161.755435945577
"69",6,5,2,3,0.9,"unsorted",165.782429334727
"70",6,5,2,3,0.9,"sorted",165.782429334727
"71",7,5,2,3,0.5,"unsorted",144.875912372445
"72",7,5,2,3,0.5,"sorted",147.206668342405
"73",7,5,2,3,0.6,"unsorted",145.936079754917
"74",7,5,2,3,0.6,"sorted",147.591765321863
"75",7,5,2,3,0.7,"unsorted",148.821176734375
"76",7,5,2,3,0.7,"sorted",148.936079754917
"77",7,5,2,3,0.8,"unsorted",152.098170123525
"78",7,5,2,3,0.8,"sorted",152.098170123525
"79",7,5,2,3,0.9,"unsorted",155.848170123525
"80",7,5,2,3,0.9,"sorted",155.848170123525
"81",8,5,2,3,0.5,"unsorted",140.076710043159
"82",8,5,2,3,0.5,"sorted",144.620855527309
"83",8,5,2,3,0.6,"unsorted",140.717136228875
"84",8,5,2,3,0.6,"sorted",142.55389968185
"85",8,5,2,3,0.7,"unsorted",143.602233208333
"86",8,5,2,3,0.7,"sorted",143.602233208333
"87",8,5,2,3,0.8,"unsorted",146.879226597482
"88",8,5,2,3,0.8,"sorted",146.879226597482
"89",8,5,2,3,0.9,"unsorted",150.629226597482
"90",8,5,2,3,0.9,"sorted",150.629226597482
"91",9,5,2,3,0.5,"unsorted",141.75068647673
"92",9,5,2,3,0.5,"sorted",142.374840785803
"93",9,5,2,3,0.6,"unsorted",142.313923023755
"94",9,5,2,3,0.6,"sorted",142.772046507909
"95",9,5,2,3,0.7,"unsorted",146.205202127191
"96",9,5,2,3,0.7,"sorted",146.205202127191
"97",9,5,2,3,0.8,"unsorted",150.490916412905
"98",9,5,2,3,0.8,"sorted",150.490916412905
"99",9,5,2,3,0.9,"unsorted",154.240916412905
"100",9,5,2,3,0.9,"sorted",154.240916412905
"101",10,5,2,3,0.5,"unsorted",145.958359724259
"102",10,5,2,3,0.5,"sorted",145.958359724259
"103",10,5,2,3,0.6,"unsorted",146.485727238452
"104",10,5,2,3,0.6,"sorted",147.418352465768
"105",10,5,2,3,0.7,"unsorted",148.807612579221
"106",10,5,2,3,0.7,"sorted",149.315558187873
"107",10,5,2,3,0.8,"unsorted",152.477648556481
"108",10,5,2,3,0.8,"sorted",152.200655167331
"109",10,5,2,3,0.9,"unsorted",156.227648556481
"110",10,5,2,3,0.9,"sorted",156.227648556481
"111",11,5,2,3,0.5,"unsorted",138.945472527174
"112",11,5,2,3,0.5,"sorted",144.770551856787
"113",11,5,2,3,0.6,"unsorted",137.745472527174
"114",11,5,2,3,0.6,"sorted",142.946397547714
"115",11,5,2,3,0.7,"unsorted",141.265488610589
"116",11,5,2,3,0.7,"sorted",142.345472527174
"117",11,5,2,3,0.8,"unsorted",145.341690052518
"118",11,5,2,3,0.8,"sorted",144.563921375456
"119",11,5,2,3,0.9,"unsorted",149.761726029778
"120",11,5,2,3,0.9,"sorted",149.761726029778
"121",12,5,2,3,0.5,"unsorted",140.560277827558
"122",12,5,2,3,0.5,"sorted",142.844844415049
"123",12,5,2,3,0.6,"unsorted",143.189934136015
"124",12,5,2,3,0.6,"sorted",143.821640034852
"125",12,5,2,3,0.7,"unsorted",148.959772343928
"126",12,5,2,3,0.7,"sorted",148.024853239972
"127",12,5,2,3,0.8,"unsorted",153.245486629642
"128",12,5,2,3,0.8,"sorted",153.245486629642
"129",12,5,2,3,0.9,"unsorted",156.995486629642
"130",12,5,2,3,0.9,"sorted",156.995486629642
"131",13,5,2,3,0.5,"unsorted",143.163196110557
"132",13,5,2,3,0.5,"sorted",149.290564234435
"133",13,5,2,3,0.6,"unsorted",146.804122697528
"134",13,5,2,3,0.6,"sorted",151.098865594089
"135",13,5,2,3,0.7,"unsorted",152.379404810978
"136",13,5,2,3,0.7,"sorted",152.961152212238
"137",13,5,2,3,0.8,"unsorted",156.665119096692
"138",13,5,2,3,0.8,"sorted",156.388125707543
"139",13,5,2,3,0.9,"unsorted",160.415119096692
"140",13,5,2,3,0.9,"sorted",160.415119096692
"141",14,5,2,3,0.5,"unsorted",142.549194172948
"142",14,5,2,3,0.5,"sorted",145.078436636556
"143",14,5,2,3,0.6,"unsorted",145.265047122367
"144",14,5,2,3,0.6,"sorted",147.754282327483
"145",14,5,2,3,0.7,"unsorted",150.258445461479
"146",14,5,2,3,0.7,"sorted",150.68920143144
"147",14,5,2,3,0.8,"unsorted",154.585260975127
"148",14,5,2,3,0.8,"sorted",154.585260975127
"149",14,5,2,3,0.9,"unsorted",158.335260975127
"150",14,5,2,3,0.9,"sorted",158.335260975127
"151",15,5,2,3,0.5,"unsorted",145.812405811636
"152",15,5,2,3,0.5,"sorted",148.682574862215
"153",15,5,2,3,0.6,"unsorted",145.778017099646
"154",15,5,2,3,0.6,"sorted",149.866721912796
"155",15,5,2,3,0.7,"unsorted",149.362164150228
"156",15,5,2,3,0.7,"sorted",151.420707171291
"157",15,5,2,3,0.8,"unsorted",154.808821106327
"158",15,5,2,3,0.8,"sorted",154.531827717177
"159",15,5,2,3,0.9,"unsorted",158.558821106327
"160",15,5,2,3,0.9,"sorted",158.558821106327
"161",16,5,2,3,0.5,"unsorted",140.907131033198
"162",16,5,2,3,0.5,"sorted",145.168048795246
"163",16,5,2,3,0.6,"unsorted",141.132379311714
"164",16,5,2,3,0.6,"sorted",142.472211929241
"165",16,5,2,3,0.7,"unsorted",142.674255827561
"166",16,5,2,3,0.7,"sorted",142.674255827561
"167",16,5,2,3,0.8,"unsorted",146.178418961556
"168",16,5,2,3,0.8,"sorted",146.178418961556
"169",16,5,2,3,0.9,"unsorted",150.205412350706
"170",16,5,2,3,0.9,"sorted",150.205412350706
"171",17,5,2,3,0.5,"unsorted",139.825395614878
"172",17,5,2,3,0.5,"sorted",144.677842458683
"173",17,5,2,3,0.6,"unsorted",140.493720316438
"174",17,5,2,3,0.6,"sorted",144.871834975668
"175",17,5,2,3,0.7,"unsorted",143.39965754447
"176",17,5,2,3,0.7,"sorted",144.015335852924
"177",17,5,2,3,0.8,"unsorted",147.685371830184
"178",17,5,2,3,0.8,"sorted",147.685371830184
"179",17,5,2,3,0.9,"unsorted",151.435371830184
"180",17,5,2,3,0.9,"sorted",151.435371830184
"181",18,5,2,3,0.5,"unsorted",139.954472657153
"182",18,5,2,3,0.5,"sorted",141.312596141306
"183",18,5,2,3,0.6,"unsorted",143.469375677695
"184",18,5,2,3,0.6,"sorted",142.188441832233
"185",18,5,2,3,0.7,"unsorted",146.833531553199
"186",18,5,2,3,0.7,"sorted",146.099562378119
"187",18,5,2,3,0.8,"unsorted",150.110524942349
"188",18,5,2,3,0.8,"sorted",150.110524942349
"189",18,5,2,3,0.9,"unsorted",153.860524942349
"190",18,5,2,3,0.9,"sorted",153.860524942349
"191",19,5,2,3,0.5,"unsorted",138.142093900722
"192",19,5,2,3,0.5,"sorted",141.437930766726
"193",19,5,2,3,0.6,"unsorted",140.686408333776
"194",19,5,2,3,0.6,"sorted",142.176063075802
"195",19,5,2,3,0.7,"unsorted",145.686408333776
"196",19,5,2,3,0.7,"sorted",145.96116005526
"197",19,5,2,3,0.8,"unsorted",149.97212261949
"198",19,5,2,3,0.8,"sorted",149.97212261949
"199",19,5,2,3,0.9,"unsorted",153.72212261949
"200",19,5,2,3,0.9,"sorted",153.72212261949
"201",20,5,2,3,0.5,"unsorted",138.657790454723
"202",20,5,2,3,0.5,"sorted",140.878731558676
"203",20,5,2,3,0.6,"unsorted",138.844231381945
"204",20,5,2,3,0.6,"sorted",140.363828538134
"205",20,5,2,3,0.7,"unsorted",142.879112218016
"206",20,5,2,3,0.7,"sorted",142.567041743253
"207",20,5,2,3,0.8,"unsorted",147.16482650373
"208",20,5,2,3,0.8,"sorted",147.16482650373
"209",20,5,2,3,0.9,"unsorted",150.91482650373
"210",20,5,2,3,0.9,"sorted",150.91482650373
"211",21,5,2,3,0.5,"unsorted",138.231706059412
"212",21,5,2,3,0.5,"sorted",145.099055923759
"213",21,5,2,3,0.6,"unsorted",140.500174801539
"214",21,5,2,3,0.6,"sorted",143.186022160572
"215",21,5,2,3,0.7,"unsorted",145.35035267704
"216",21,5,2,3,0.7,"sorted",144.846189543044
"217",21,5,2,3,0.8,"unsorted",149.636066962754
"218",21,5,2,3,0.8,"sorted",149.636066962754
"219",21,5,2,3,0.9,"unsorted",153.386066962754
"220",21,5,2,3,0.9,"sorted",153.386066962754
"221",22,5,2,3,0.5,"unsorted",144.513122827506
"222",22,5,2,3,0.5,"sorted",148.702777569532
"223",22,5,2,3,0.6,"unsorted",145.356343291117
"224",22,5,2,3,0.6,"sorted",148.362770311041
"225",22,5,2,3,0.7,"unsorted",146.83313891092
"226",22,5,2,3,0.7,"sorted",148.297689414997
"227",22,5,2,3,0.8,"unsorted",149.784410755864
"228",22,5,2,3,0.8,"sorted",149.900459954824
"229",22,5,2,3,0.9,"unsorted",154.204446733124
"230",22,5,2,3,0.9,"sorted",154.204446733124
"231",23,5,2,3,0.5,"unsorted",140.072255692809
"232",23,5,2,3,0.5,"sorted",139.132248434318
"233",23,5,2,3,0.6,"unsorted",141.633198363194
"234",23,5,2,3,0.6,"sorted",141.126240951304
"235",23,5,2,3,0.7,"unsorted",146.187183621688
"236",23,5,2,3,0.7,"sorted",146.187183621688
"237",23,5,2,3,0.8,"unsorted",150.472897907403
"238",23,5,2,3,0.8,"sorted",150.472897907403
"239",23,5,2,3,0.9,"unsorted",154.222897907403
"240",23,5,2,3,0.9,"sorted",154.222897907403
"241",24,5,2,3,0.5,"unsorted",145.589262260322
"242",24,5,2,3,0.5,"sorted",145.930188847293
"243",24,5,2,3,0.6,"unsorted",141.47435923978
"244",24,5,2,3,0.6,"sorted",143.61528582675
"245",24,5,2,3,0.7,"unsorted",141.429968859683
"246",24,5,2,3,0.7,"sorted",143.120542930189
"247",24,5,2,3,0.8,"unsorted",145.666954990342
"248",24,5,2,3,0.8,"sorted",145.389961601192
"249",24,5,2,3,0.9,"unsorted",149.416954990342
"250",24,5,2,3,0.9,"sorted",149.416954990342
"251",25,5,2,3,0.5,"unsorted",142.731932309627
"252",25,5,2,3,0.5,"sorted",145.686842588661
"253",25,5,2,3,0.6,"unsorted",143.607778000554
"254",25,5,2,3,0.6,"sorted",144.762688279588
"255",25,5,2,3,0.7,"unsorted",145.046860238506
"256",25,5,2,3,0.7,"sorted",145.554805847158
"257",25,5,2,3,0.8,"unsorted",148.942919782194
"258",25,5,2,3,0.8,"sorted",148.942919782194
"259",25,5,2,3,0.9,"unsorted",152.692919782194
"260",25,5,2,3,0.9,"sorted",152.692919782194
"261",26,5,2,3,0.5,"unsorted",141.499372048449
"262",26,5,2,3,0.5,"sorted",142.464452944493
"263",26,5,2,3,0.6,"unsorted",142.974298410897
"264",26,5,2,3,0.6,"sorted",143.24259251206
"265",26,5,2,3,0.7,"unsorted",147.234821544372
"266",26,5,2,3,0.7,"sorted",146.343542440937
"267",26,5,2,3,0.8,"unsorted",151.520535830086
"268",26,5,2,3,0.8,"sorted",151.520535830086
"269",26,5,2,3,0.9,"unsorted",155.270535830086
"270",26,5,2,3,0.9,"sorted",155.270535830086
"271",27,5,2,3,0.5,"unsorted",142.415662780324
"272",27,5,2,3,0.5,"sorted",144.320750934859
"273",27,5,2,3,0.6,"unsorted",143.509655297309
"274",27,5,2,3,0.6,"sorted",145.755670038815
"275",27,5,2,3,0.7,"unsorted",146.644154864356
"276",27,5,2,3,0.7,"sorted",148.309655297309
"277",27,5,2,3,0.8,"unsorted",151.471745665917
"278",27,5,2,3,0.8,"sorted",151.194752276767
"279",27,5,2,3,0.9,"unsorted",155.221745665917
"280",27,5,2,3,0.9,"sorted",155.221745665917
"281",28,5,2,3,0.5,"unsorted",141.681693605243
"282",28,5,2,3,0.5,"sorted",141.681693605243
"283",28,5,2,3,0.6,"unsorted",144.981693605243
"284",28,5,2,3,0.6,"sorted",144.981693605243
"285",28,5,2,3,0.7,"unsorted",148.540767018273
"286",28,5,2,3,0.7,"sorted",148.540767018273
"287",28,5,2,3,0.8,"unsorted",152.390944893774
"288",28,5,2,3,0.8,"sorted",152.390944893774
"289",28,5,2,3,0.9,"unsorted",157.467760407423
"290",28,5,2,3,0.9,"sorted",157.467760407423
"291",29,5,2,3,0.5,"unsorted",140.10862333698
"292",29,5,2,3,0.5,"sorted",142.156151584838
"293",29,5,2,3,0.6,"unsorted",141.3672772131
"294",29,5,2,3,0.6,"sorted",144.425820234163
"295",29,5,2,3,0.7,"unsorted",144.950254956881
"296",29,5,2,3,0.7,"sorted",146.459751141358
"297",29,5,2,3,0.8,"unsorted",149.235969242595
"298",29,5,2,3,0.8,"sorted",149.235969242595
"299",29,5,2,3,0.9,"unsorted",152.985969242595
"300",29,5,2,3,0.9,"sorted",152.985969242595
"301",30,5,2,3,0.5,"unsorted",137.052806892638
"302",30,5,2,3,0.5,"sorted",140.631871480745
"303",30,5,2,3,0.6,"unsorted",136.888256388561
"304",30,5,2,3,0.6,"sorted",139.401290151748
"305",30,5,2,3,0.7,"unsorted",142.131476852172
"306",30,5,2,3,0.7,"sorted",142.131476852172
"307",30,5,2,3,0.8,"unsorted",146.417191137886
"308",30,5,2,3,0.8,"sorted",146.417191137886
"309",30,5,2,3,0.9,"unsorted",150.167191137886
"310",30,5,2,3,0.9,"sorted",150.167191137886
"311",31,5,2,3,0.5,"unsorted",137.939569636611
"312",31,5,2,3,0.5,"sorted",140.919553553196
"313",31,5,2,3,0.6,"unsorted",144.004650532654
"314",31,5,2,3,0.6,"sorted",144.502781275299
"315",31,5,2,3,0.7,"unsorted",150.220503482073
"316",31,5,2,3,0.7,"sorted",150.220503482073
"317",31,5,2,3,0.8,"unsorted",154.506217767787
"318",31,5,2,3,0.8,"sorted",154.506217767787
"319",31,5,2,3,0.9,"unsorted",158.256217767787
"320",31,5,2,3,0.9,"sorted",158.256217767787
"321",32,5,2,3,0.5,"unsorted",147.876098996348
"322",32,5,2,3,0.5,"sorted",146.911018100304
"323",32,5,2,3,0.6,"unsorted",149.035172409377
"324",32,5,2,3,0.6,"sorted",148.411018100304
"325",32,5,2,3,0.7,"unsorted",150.389513418874
"326",32,5,2,3,0.7,"sorted",150.545517667351
"327",32,5,2,3,0.8,"unsorted",153.707608035959
"328",32,5,2,3,0.8,"sorted",153.707608035959
"329",32,5,2,3,0.9,"unsorted",157.457608035959
"330",32,5,2,3,0.9,"sorted",157.457608035959
"331",33,5,2,3,0.5,"unsorted",141.383859161328
"332",33,5,2,3,0.5,"sorted",145.573513903354
"333",33,5,2,3,0.6,"unsorted",143.371669554335
"334",33,5,2,3,0.6,"sorted",147.973513903354
"335",33,5,2,3,0.7,"unsorted",147.162948657771
"336",33,5,2,3,0.7,"sorted",150.186572574878
"337",33,5,2,3,0.8,"unsorted",152.454845067463
"338",33,5,2,3,0.8,"sorted",152.678626966226
"339",33,5,2,3,0.9,"unsorted",156.204845067463
"340",33,5,2,3,0.9,"sorted",156.204845067463
"341",34,5,2,3,0.5,"unsorted",140.765402873369
"342",34,5,2,3,0.5,"sorted",142.354638078486
"343",34,5,2,3,0.6,"unsorted",142.784469027907
"344",34,5,2,3,0.6,"sorted",142.784469027907
"345",34,5,2,3,0.7,"unsorted",144.554662986823
"346",34,5,2,3,0.7,"sorted",144.554662986823
"347",34,5,2,3,0.8,"unsorted",147.33088108806
"348",34,5,2,3,0.8,"sorted",147.33088108806
"349",34,5,2,3,0.9,"unsorted",151.08088108806
"350",34,5,2,3,0.9,"sorted",151.08088108806
"351",35,5,2,3,0.5,"unsorted",145.499650101632
"352",35,5,2,3,0.5,"sorted",145.532275328948
"353",35,5,2,3,0.6,"unsorted",150.599650101632
"354",35,5,2,3,0.6,"sorted",150.599650101632
"355",35,5,2,3,0.7,"unsorted",155.875495792559
"356",35,5,2,3,0.7,"sorted",155.875495792559
"357",35,5,2,3,0.8,"unsorted",160.161210078274
"358",35,5,2,3,0.8,"sorted",160.161210078274
"359",35,5,2,3,0.9,"unsorted",163.911210078274
"360",35,5,2,3,0.9,"sorted",163.911210078274
"361",36,5,2,3,0.5,"unsorted",144.389743806346
"362",36,5,2,3,0.5,"sorted",146.603133320535
"363",36,5,2,3,0.6,"unsorted",142.249736547854
"364",36,5,2,3,0.6,"sorted",144.463126062044
"365",36,5,2,3,0.7,"unsorted",140.972046507909
"366",36,5,2,3,0.7,"sorted",142.019405197178
"367",36,5,2,3,0.8,"unsorted",144.548778341805
"368",36,5,2,3,0.8,"sorted",142.367004512402
"369",36,5,2,3,0.9,"unsorted",148.074996443042
"370",36,5,2,3,0.9,"sorted",148.074996443042
"371",37,5,2,3,0.5,"unsorted",142.646774501287
"372",37,5,2,3,0.5,"sorted",144.944905243932
"373",37,5,2,3,0.6,"unsorted",144.738473141632
"374",37,5,2,3,0.6,"sorted",145.236603884277
"375",37,5,2,3,0.7,"unsorted",149.070003789821
"376",37,5,2,3,0.7,"sorted",148.843980223392
"377",37,5,2,3,0.8,"unsorted",153.355718075535
"378",37,5,2,3,0.8,"sorted",153.355718075535
"379",37,5,2,3,0.9,"unsorted",157.105718075535
"380",37,5,2,3,0.9,"sorted",157.105718075535
"381",38,5,2,3,0.5,"unsorted",148.11499090463
"382",38,5,2,3,0.5,"sorted",147.721948316521
"383",38,5,2,3,0.6,"unsorted",152.558211368241
"384",38,5,2,3,0.6,"sorted",151.034057059168
"385",38,5,2,3,0.7,"unsorted",157.100087884088
"386",38,5,2,3,0.7,"sorted",157.100087884088
"387",38,5,2,3,0.8,"unsorted",161.385802169802
"388",38,5,2,3,0.8,"sorted",161.385802169802
"389",38,5,2,3,0.9,"unsorted",165.135802169802
"390",38,5,2,3,0.9,"sorted",165.135802169802
"391",39,5,2,3,0.5,"unsorted",136.459920699946
"392",39,5,2,3,0.5,"sorted",139.066352802245
"393",39,5,2,3,0.6,"unsorted",142.26126464771
"394",39,5,2,3,0.6,"sorted",142.018044184099
"395",39,5,2,3,0.7,"unsorted",147.196183751667
"396",39,5,2,3,0.7,"sorted",147.196183751667
"397",39,5,2,3,0.8,"unsorted",151.481898037381
"398",39,5,2,3,0.8,"sorted",151.481898037381
"399",39,5,2,3,0.9,"unsorted",155.231898037381
"400",39,5,2,3,0.9,"sorted",155.231898037381
"401",40,5,2,3,0.5,"unsorted",142.739712496946
"402",40,5,2,3,0.5,"sorted",146.890815392987
"403",40,5,2,3,0.6,"unsorted",143.238724300185
"404",40,5,2,3,0.6,"sorted",147.109881547525
"405",40,5,2,3,0.7,"unsorted",146.531521992348
"406",40,5,2,3,0.7,"sorted",147.147200300803
"407",40,5,2,3,0.8,"unsorted",150.817236278062
"408",40,5,2,3,0.8,"sorted",150.817236278062
"409",40,5,2,3,0.9,"unsorted",154.567236278062
"410",40,5,2,3,0.9,"sorted",154.567236278062
"411",41,5,2,3,0.5,"unsorted",139.253128709389
"412",41,5,2,3,0.5,"sorted",140.611252193542
"413",41,5,2,3,0.6,"unsorted",143.104650532654
"414",41,5,2,3,0.6,"sorted",143.104650532654
"415",41,5,2,3,0.7,"unsorted",147.889747512112
"416",41,5,2,3,0.7,"sorted",147.889747512112
"417",41,5,2,3,0.8,"unsorted",152.175461797826
"418",41,5,2,3,0.8,"sorted",152.175461797826
"419",41,5,2,3,0.9,"unsorted",155.925461797826
"420",41,5,2,3,0.9,"sorted",155.925461797826
"421",42,5,2,3,0.5,"unsorted",148.479634018218
"422",42,5,2,3,0.5,"sorted",149.103788327291
"423",42,5,2,3,0.6,"unsorted",149.217766327294
"424",42,5,2,3,0.6,"sorted",149.217766327294
"425",42,5,2,3,0.7,"unsorted",150.320165976616
"426",42,5,2,3,0.7,"sorted",150.320165976616
"427",42,5,2,3,0.8,"unsorted",154.60588026233
"428",42,5,2,3,0.8,"sorted",154.60588026233
"429",42,5,2,3,0.9,"unsorted",158.35588026233
"430",42,5,2,3,0.9,"sorted",158.35588026233
"431",43,5,2,3,0.5,"unsorted",142.500820588664
"432",43,5,2,3,0.5,"sorted",145.686842588661
"433",43,5,2,3,0.6,"unsorted",147.182704363002
"434",43,5,2,3,0.6,"sorted",148.921761692617
"435",43,5,2,3,0.7,"unsorted",151.532106950591
"436",43,5,2,3,0.7,"sorted",151.532106950591
"437",43,5,2,3,0.8,"unsorted",155.817821236305
"438",43,5,2,3,0.8,"sorted",155.817821236305
"439",43,5,2,3,0.9,"unsorted",159.567821236305
"440",43,5,2,3,0.9,"sorted",159.567821236305
"441",44,5,2,3,0.5,"unsorted",140.278522373776
"442",44,5,2,3,0.5,"sorted",145.930188847293
"443",44,5,2,3,0.6,"unsorted",144.484704497753
"444",44,5,2,3,0.6,"sorted",148.646041796711
"445",44,5,2,3,0.7,"unsorted",149.490886621731
"446",44,5,2,3,0.7,"sorted",151.000382806208
"447",44,5,2,3,0.8,"unsorted",153.776600907446
"448",44,5,2,3,0.8,"sorted",153.776600907446
"449",44,5,2,3,0.9,"unsorted",157.526600907446
"450",44,5,2,3,0.9,"sorted",157.526600907446
"451",45,5,2,3,0.5,"unsorted",144.187219542234
"452",45,5,2,3,0.5,"sorted",144.187219542234
"453",45,5,2,3,0.6,"unsorted",140.287219542234
"454",45,5,2,3,0.6,"sorted",140.806285696772
"455",45,5,2,3,0.7,"unsorted",138.35648848061
"456",45,5,2,3,0.7,"sorted",138.245367934724
"457",45,5,2,3,0.8,"unsorted",139.617186255049
"458",45,5,2,3,0.8,"sorted",139.617186255049
"459",45,5,2,3,0.9,"unsorted",143.644179644199
"460",45,5,2,3,0.9,"sorted",143.644179644199
"461",46,5,2,3,0.5,"unsorted",144.515723609206
"462",46,5,2,3,0.5,"sorted",146.189700042778
"463",46,5,2,3,0.6,"unsorted",143.25682483714
"464",46,5,2,3,0.6,"sorted",144.531576558625
"465",46,5,2,3,0.7,"unsorted",142.027018796056
"466",46,5,2,3,0.7,"sorted",142.027018796056
"467",46,5,2,3,0.8,"unsorted",143.287716570495
"468",46,5,2,3,0.8,"sorted",143.287716570495
"469",46,5,2,3,0.9,"unsorted",146.813934671732
"470",46,5,2,3,0.9,"sorted",146.813934671732
"471",47,5,2,3,0.5,"unsorted",135.292315539791
"472",47,5,2,3,0.5,"sorted",135.600616899446
"473",47,5,2,3,0.6,"unsorted",134.165366952823
"474",47,5,2,3,0.6,"sorted",134.303080334675
"475",47,5,2,3,0.7,"unsorted",138.955190643753
"476",47,5,2,3,0.7,"sorted",138.955190643753
"477",47,5,2,3,0.8,"unsorted",143.240904929468
"478",47,5,2,3,0.8,"sorted",143.240904929468
"479",47,5,2,3,0.9,"unsorted",146.990904929468
"480",47,5,2,3,0.9,"sorted",146.990904929468
"481",48,5,2,3,0.5,"unsorted",142.593529986768
"482",48,5,2,3,0.5,"sorted",146.197668212427
"483",48,5,2,3,0.6,"unsorted",145.893529986768
"484",48,5,2,3,0.6,"sorted",147.00843300731
"485",48,5,2,3,0.7,"unsorted",149.169375677695
"486",48,5,2,3,0.7,"sorted",149.169375677695
"487",48,5,2,3,0.8,"unsorted",153.959253097405
"488",48,5,2,3,0.8,"sorted",153.959253097405
"489",48,5,2,3,0.9,"unsorted",157.709253097405
"490",48,5,2,3,0.9,"sorted",157.709253097405
"491",49,5,2,3,0.5,"unsorted",145.565545733705
"492",49,5,2,3,0.5,"sorted",146.222325270094
"493",49,5,2,3,0.6,"unsorted",141.307002712642
"494",49,5,2,3,0.6,"sorted",144.150642713163
"495",49,5,2,3,0.7,"unsorted",142.261518363102
"496",49,5,2,3,0.7,"sorted",143.704383075711
"497",49,5,2,3,0.8,"unsorted",145.972655568296
"498",49,5,2,3,0.8,"sorted",146.196437467059
"499",49,5,2,3,0.9,"unsorted",149.722655568296
"500",49,5,2,3,0.9,"sorted",149.722655568296
"501",50,5,2,3,0.5,"unsorted",145.812405811636
"502",50,5,2,3,0.5,"sorted",148.37427350256
"503",50,5,2,3,0.6,"unsorted",147.312405811636
"504",50,5,2,3,0.6,"sorted",149.834266244069
"505",50,5,2,3,0.7,"unsorted",151.379530605999
"506",50,5,2,3,0.7,"sorted",152.047324915593
"507",50,5,2,3,0.8,"unsorted",155.943384459281
"508",50,5,2,3,0.8,"sorted",155.273348482021
"509",50,5,2,3,0.9,"unsorted",159.693384459281
"510",50,5,2,3,0.9,"sorted",159.693384459281
"511",51,5,2,3,0.5,"unsorted",142.853041182253
"512",51,5,2,3,0.5,"sorted",151.767919294459
"513",51,5,2,3,0.6,"unsorted",144.77465671874
"514",51,5,2,3,0.6,"sorted",151.646058862026
"515",51,5,2,3,0.7,"unsorted",149.124059306329
"516",51,5,2,3,0.7,"sorted",151.64227638737
"517",51,5,2,3,0.8,"unsorted",153.409773592043
"518",51,5,2,3,0.8,"sorted",153.409773592043
"519",51,5,2,3,0.9,"unsorted",157.159773592043
"520",51,5,2,3,0.9,"sorted",157.159773592043
"521",52,5,2,3,0.5,"unsorted",140.935301910165
"522",52,5,2,3,0.5,"sorted",142.557162342597
"523",52,5,2,3,0.6,"unsorted",143.526406372637
"524",52,5,2,3,0.6,"sorted",146.100382806208
"525",52,5,2,3,0.7,"unsorted",147.976758889102
"526",52,5,2,3,0.7,"sorted",148.985479785666
"527",52,5,2,3,0.8,"unsorted",152.262473174816
"528",52,5,2,3,0.8,"sorted",152.262473174816
"529",52,5,2,3,0.9,"unsorted",156.012473174816
"530",52,5,2,3,0.9,"sorted",156.012473174816
"531",53,5,2,3,0.5,"unsorted",139.800321977326
"532",53,5,2,3,0.5,"sorted",139.800321977326
"533",53,5,2,3,0.6,"unsorted",140.185418956783
"534",53,5,2,3,0.6,"sorted",140.676167668253
"535",53,5,2,3,0.7,"unsorted",142.231458606626
"536",53,5,2,3,0.7,"sorted",142.231458606626
"537",53,5,2,3,0.8,"unsorted",145.007676707863
"538",53,5,2,3,0.8,"sorted",145.007676707863
"539",53,5,2,3,0.9,"unsorted",148.757676707863
"540",53,5,2,3,0.9,"sorted",148.757676707863
"541",54,5,2,3,0.5,"unsorted",140.477720800917
"542",54,5,2,3,0.5,"sorted",140.136794213947
"543",54,5,2,3,0.6,"unsorted",143.955860368485
"544",54,5,2,3,0.6,"sorted",143.153566491844
"545",54,5,2,3,0.7,"unsorted",148.181883934913
"546",54,5,2,3,0.7,"sorted",148.181883934913
"547",54,5,2,3,0.8,"unsorted",152.467598220627
"548",54,5,2,3,0.8,"sorted",152.467598220627
"549",54,5,2,3,0.9,"unsorted",156.217598220627
"550",54,5,2,3,0.9,"sorted",156.217598220627
"551",55,5,2,3,0.5,"unsorted",139.286399114145
"552",55,5,2,3,0.5,"sorted",143.18131665167
"553",55,5,2,3,0.6,"unsorted",143.421318218101
"554",55,5,2,3,0.6,"sorted",144.819448960746
"555",55,5,2,3,0.7,"unsorted",148.086573755109
"556",55,5,2,3,0.7,"sorted",148.086573755109
"557",55,5,2,3,0.8,"unsorted",152.372288040823
"558",55,5,2,3,0.8,"sorted",152.372288040823
"559",55,5,2,3,0.9,"unsorted",156.122288040823
"560",55,5,2,3,0.9,"sorted",156.122288040823
"561",56,5,2,3,0.5,"unsorted",136.663090141498
"562",56,5,2,3,0.5,"sorted",141.438347346612
"563",56,5,2,3,0.6,"unsorted",140.960796264858
"564",56,5,2,3,0.6,"sorted",142.938347346612
"565",56,5,2,3,0.7,"unsorted",147.663090141498
"566",56,5,2,3,0.7,"sorted",147.384950573931
"567",56,5,2,3,0.8,"unsorted",151.948804427212
"568",56,5,2,3,0.8,"sorted",151.948804427212
"569",56,5,2,3,0.9,"unsorted",155.698804427212
"570",56,5,2,3,0.9,"sorted",155.698804427212
"571",57,5,2,3,0.5,"unsorted",147.652955445034
"572",57,5,2,3,0.5,"sorted",147.652955445034
"573",57,5,2,3,0.6,"unsorted",151.196175908645
"574",57,5,2,3,0.6,"sorted",151.196175908645
"575",57,5,2,3,0.7,"unsorted",154.463300703007
"576",57,5,2,3,0.7,"sorted",154.463300703007
"577",57,5,2,3,0.8,"unsorted",158.749014988722
"578",57,5,2,3,0.8,"sorted",158.749014988722
"579",57,5,2,3,0.9,"unsorted",162.499014988722
"580",57,5,2,3,0.9,"sorted",162.499014988722
"581",58,5,2,3,0.5,"unsorted",141.602548362292
"582",58,5,2,3,0.5,"sorted",147.807106124861
"583",58,5,2,3,0.6,"unsorted",141.630510054358
"584",58,5,2,3,0.6,"sorted",146.542025228817
"585",58,5,2,3,0.7,"unsorted",143.917476291171
"586",58,5,2,3,0.7,"sorted",145.591452724743
"587",58,5,2,3,0.8,"unsorted",147.859725217329
"588",58,5,2,3,0.8,"sorted",148.083507116091
"589",58,5,2,3,0.9,"unsorted",151.609725217329
"590",58,5,2,3,0.9,"sorted",151.609725217329
"591",59,5,2,3,0.5,"unsorted",138.519388131864
"592",59,5,2,3,0.5,"sorted",141.389557182442
"593",59,5,2,3,0.6,"unsorted",142.885418956783
"594",59,5,2,3,0.6,"sorted",144.689557182442
"595",59,5,2,3,0.7,"unsorted",147.234821544372
"596",59,5,2,3,0.7,"sorted",147.624476286399
"597",59,5,2,3,0.8,"unsorted",151.520535830086
"598",59,5,2,3,0.8,"sorted",150.850499852827
"599",59,5,2,3,0.9,"unsorted",155.270535830086
"600",59,5,2,3,0.9,"sorted",155.270535830086
"601",60,5,2,3,0.5,"unsorted",143.037216307696
"602",60,5,2,3,0.5,"sorted",147.535172409377
"603",60,5,2,3,0.6,"unsorted",147.237216307696
"604",60,5,2,3,0.6,"sorted",150.145937204261
"605",60,5,2,3,0.7,"unsorted",152.022313287154
"606",60,5,2,3,0.7,"sorted",153.031034183719
"607",60,5,2,3,0.8,"unsorted",156.308027572868
"608",60,5,2,3,0.8,"sorted",156.308027572868
"609",60,5,2,3,0.9,"unsorted",160.058027572868
"610",60,5,2,3,0.9,"sorted",160.058027572868
"611",61,5,2,3,0.5,"unsorted",141.977572444899
"612",61,5,2,3,0.5,"sorted",150.24322261048
"613",61,5,2,3,0.6,"unsorted",145.61849903187
"614",61,5,2,3,0.6,"sorted",150.377547536562
"615",61,5,2,3,0.7,"unsorted",149.449785393797
"616",61,5,2,3,0.7,"sorted",151.816629774515
"617",61,5,2,3,0.8,"unsorted",154.0849022671
"618",61,5,2,3,0.8,"sorted",154.308684165863
"619",61,5,2,3,0.9,"unsorted",157.8349022671
"620",61,5,2,3,0.9,"sorted",157.8349022671
"621",62,5,2,3,0.5,"unsorted",143.776883503891
"622",62,5,2,3,0.5,"sorted",143.461030554473
"623",62,5,2,3,0.6,"unsorted",143.635362739047
"624",62,5,2,3,0.6,"sorted",144.717810090862
"625",62,5,2,3,0.7,"unsorted",146.053259586785
"626",62,5,2,3,0.7,"sorted",145.696305409432
"627",62,5,2,3,0.8,"unsorted",151.024214892523
"628",62,5,2,3,0.8,"sorted",148.778507865301
"629",62,5,2,3,0.9,"unsorted",154.774214892523
"630",62,5,2,3,0.9,"sorted",154.774214892523
"631",63,5,2,3,0.5,"unsorted",144.075032492082
"632",63,5,2,3,0.5,"sorted",152.294493275193
"633",63,5,2,3,0.6,"unsorted",148.557060306987
"634",63,5,2,3,0.6,"sorted",152.955435945578
"635",63,5,2,3,0.7,"unsorted",153.557060306987
"636",63,5,2,3,0.7,"sorted",153.557060306987
"637",63,5,2,3,0.8,"unsorted",157.842774592701
"638",63,5,2,3,0.8,"sorted",157.842774592701
"639",63,5,2,3,0.9,"unsorted",161.592774592701
"640",63,5,2,3,0.9,"sorted",161.592774592701
"641",64,5,2,3,0.5,"unsorted",142.131494527172
"642",64,5,2,3,0.5,"sorted",141.823193167517
"643",64,5,2,3,0.6,"unsorted",142.593950703909
"644",64,5,2,3,0.6,"sorted",141.93717116752
"645",64,5,2,3,0.7,"unsorted",145.376253405472
"646",64,5,2,3,0.7,"sorted",145.491156426014
"647",64,5,2,3,0.8,"unsorted",149.661967691186
"648",64,5,2,3,0.8,"sorted",149.661967691186
"649",64,5,2,3,0.9,"unsorted",153.411967691186
"650",64,5,2,3,0.9,"sorted",153.411967691186
"651",65,5,2,3,0.5,"unsorted",141.835844285071
"652",65,5,2,3,0.5,"sorted",141.835844285071
"653",65,5,2,3,0.6,"unsorted",143.611689975998
"654",65,5,2,3,0.6,"sorted",144.576770872041
"655",65,5,2,3,0.7,"unsorted",147.246964830957
"656",65,5,2,3,0.7,"sorted",147.754910439609
"657",65,5,2,3,0.8,"unsorted",150.917000808216
"658",65,5,2,3,0.8,"sorted",150.917000808216
"659",65,5,2,3,0.9,"unsorted",154.667000808216
"660",65,5,2,3,0.9,"sorted",154.667000808216
"661",66,5,2,3,0.5,"unsorted",142.560904759452
"662",66,5,2,3,0.5,"sorted",147.247490336926
"663",66,5,2,3,0.6,"unsorted",143.752603399798
"664",66,5,2,3,0.6,"sorted",147.158255131809
"665",66,5,2,3,0.7,"unsorted",145.644976472676
"666",66,5,2,3,0.7,"sorted",147.04673995735
"667",66,5,2,3,0.8,"unsorted",149.315012449936
"668",66,5,2,3,0.8,"sorted",149.315012449936
"669",66,5,2,3,0.9,"unsorted",153.065012449936
"670",66,5,2,3,0.9,"sorted",153.065012449936
"671",67,5,2,3,0.5,"unsorted",146.911018100304
"672",67,5,2,3,0.5,"sorted",149.865928379338
"673",67,5,2,3,0.6,"unsorted",152.911018100304
"674",67,5,2,3,0.6,"sorted",153.165928379338
"675",67,5,2,3,0.7,"unsorted",157.911018100304
"676",67,5,2,3,0.7,"sorted",157.684994533876
"677",67,5,2,3,0.8,"unsorted",162.196732386019
"678",67,5,2,3,0.8,"sorted",162.196732386019
"679",67,5,2,3,0.9,"unsorted",165.946732386019
"680",67,5,2,3,0.9,"sorted",165.946732386019
"681",68,5,2,3,0.5,"unsorted",143.218624826891
"682",68,5,2,3,0.5,"sorted",146.063720239917
"683",68,5,2,3,0.6,"unsorted",146.518624826891
"684",68,5,2,3,0.6,"sorted",146.939565930844
"685",68,5,2,3,0.7,"unsorted",148.796764394458
"686",68,5,2,3,0.7,"sorted",148.796764394458
"687",68,5,2,3,0.8,"unsorted",151.288818785806
"688",68,5,2,3,0.8,"sorted",151.288818785806
"689",68,5,2,3,0.9,"unsorted",154.815036887044
"690",68,5,2,3,0.9,"sorted",154.815036887044
"691",69,5,2,3,0.5,"unsorted",151.118691347834
"692",69,5,2,3,0.5,"sorted",151.118691347834
"693",69,5,2,3,0.6,"unsorted",151.718691347834
"694",69,5,2,3,0.6,"sorted",151.337757502371
"695",69,5,2,3,0.7,"unsorted",150.993048440745
"696",69,5,2,3,0.7,"sorted",150.492273152832
"697",69,5,2,3,0.8,"unsorted",152.760545645418
"698",69,5,2,3,0.8,"sorted",152.760545645418
"699",69,5,2,3,0.9,"unsorted",156.510545645418
"700",69,5,2,3,0.9,"sorted",156.510545645418
"701",70,5,2,3,0.5,"unsorted",142.544739822599
"702",70,5,2,3,0.5,"sorted",145.840576688603
"703",70,5,2,3,0.6,"unsorted",144.418122078297
"704",70,5,2,3,0.6,"sorted",146.400569430112
"705",70,5,2,3,0.7,"unsorted",149.970763389027
"706",70,5,2,3,0.7,"sorted",149.42888687318
"707",70,5,2,3,0.8,"unsorted",153.981725953257
"708",70,5,2,3,0.8,"sorted",152.970763389027
"709",70,5,2,3,0.9,"unsorted",157.731725953257
"710",70,5,2,3,0.9,"sorted",157.731725953257
"711",71,5,2,3,0.5,"unsorted",140.339318478058
"712",71,5,2,3,0.5,"sorted",140.339318478058
"713",71,5,2,3,0.6,"unsorted",143.148569766589
"714",71,5,2,3,0.6,"sorted",143.148569766589
"715",71,5,2,3,0.7,"unsorted",148.048569766589
"716",71,5,2,3,0.7,"sorted",148.048569766589
"717",71,5,2,3,0.8,"unsorted",153.61012974323
"718",71,5,2,3,0.8,"sorted",153.61012974323
"719",71,5,2,3,0.9,"unsorted",157.36012974323
"720",71,5,2,3,0.9,"sorted",157.36012974323
"721",72,5,2,3,0.5,"unsorted",142.901831346423
"722",72,5,2,3,0.5,"sorted",141.969375677695
"723",72,5,2,3,0.6,"unsorted",149.87446383223
"724",72,5,2,3,0.6,"sorted",148.350309523157
"725",72,5,2,3,0.7,"unsorted",154.87446383223
"726",72,5,2,3,0.7,"sorted",154.87446383223
"727",72,5,2,3,0.8,"unsorted",159.160178117944
"728",72,5,2,3,0.8,"sorted",159.160178117944
"729",72,5,2,3,0.9,"unsorted",162.910178117944
"730",72,5,2,3,0.9,"sorted",162.910178117944
"731",73,5,2,3,0.5,"unsorted",143.432631079951
"732",73,5,2,3,0.5,"sorted",143.740932439606
"733",73,5,2,3,0.6,"unsorted",143.375851543562
"734",73,5,2,3,0.6,"sorted",145.516778130533
"735",73,5,2,3,0.7,"unsorted",146.680014677558
"736",73,5,2,3,0.7,"sorted",147.754910439609
"737",73,5,2,3,0.8,"unsorted",150.917000808216
"738",73,5,2,3,0.8,"sorted",150.640007419066
"739",73,5,2,3,0.9,"unsorted",154.667000808216
"740",73,5,2,3,0.9,"sorted",154.667000808216
"741",74,5,2,3,0.5,"unsorted",139.484469027907
"742",74,5,2,3,0.5,"sorted",141.422182409758
"743",74,5,2,3,0.6,"unsorted",143.226345543754
"744",74,5,2,3,0.6,"sorted",144.341248564296
"745",74,5,2,3,0.7,"unsorted",148.469566007365
"746",74,5,2,3,0.7,"sorted",148.469566007365
"747",74,5,2,3,0.8,"unsorted",152.755280293079
"748",74,5,2,3,0.8,"sorted",152.755280293079
"749",74,5,2,3,0.9,"unsorted",156.505280293079
"750",74,5,2,3,0.9,"sorted",156.505280293079
"751",75,5,2,3,0.5,"unsorted",142.837292825285
"752",75,5,2,3,0.5,"sorted",144.434079620166
"753",75,5,2,3,0.6,"unsorted",145.370867981477
"754",75,5,2,3,0.6,"sorted",146.48577100202
"755",75,5,2,3,0.7,"unsorted",149.609000290553
"756",75,5,2,3,0.7,"sorted",149.723903311095
"757",75,5,2,3,0.8,"unsorted",153.894714576267
"758",75,5,2,3,0.8,"sorted",153.894714576267
"759",75,5,2,3,0.9,"unsorted",157.644714576267
"760",75,5,2,3,0.9,"sorted",157.644714576267
"761",76,5,2,3,0.5,"unsorted",136.727628662635
"762",76,5,2,3,0.5,"sorted",140.02346552864
"763",76,5,2,3,0.6,"unsorted",140.343481612054
"764",76,5,2,3,0.6,"sorted",142.42346552864
"765",76,5,2,3,0.7,"unsorted",146.833810786613
"766",76,5,2,3,0.7,"sorted",147.108562508098
"767",76,5,2,3,0.8,"unsorted",151.119525072328
"768",76,5,2,3,0.8,"sorted",151.119525072328
"769",76,5,2,3,0.9,"unsorted",154.869525072328
"770",76,5,2,3,0.9,"sorted",154.869525072328
"771",77,5,2,3,0.5,"unsorted",146.456762828027
"772",77,5,2,3,0.5,"sorted",148.045998033143
"773",77,5,2,3,0.6,"unsorted",149.457118579029
"774",77,5,2,3,0.6,"sorted",150.506940703528
"775",77,5,2,3,0.7,"unsorted",153.498219806964
"776",77,5,2,3,0.7,"sorted",153.498219806964
"777",77,5,2,3,0.8,"unsorted",157.783934092678
"778",77,5,2,3,0.8,"sorted",157.783934092678
"779",77,5,2,3,0.9,"unsorted",161.533934092678
"780",77,5,2,3,0.9,"sorted",161.533934092678
"781",78,5,2,3,0.5,"unsorted",142.658068507906
"782",78,5,2,3,0.5,"sorted",143.314848044295
"783",78,5,2,3,0.6,"unsorted",140.684092074334
"784",78,5,2,3,0.6,"sorted",142.135783456188
"785",78,5,2,3,0.7,"unsorted",142.405202127191
"786",78,5,2,3,0.7,"sorted",143.139171302271
"787",78,5,2,3,0.8,"unsorted",146.301261670879
"788",78,5,2,3,0.8,"sorted",146.024268281729
"789",78,5,2,3,0.9,"unsorted",150.051261670879
"790",78,5,2,3,0.9,"sorted",150.051261670879
"791",79,5,2,3,0.5,"unsorted",141.034964404708
"792",79,5,2,3,0.5,"sorted",146.846479579167
"793",79,5,2,3,0.6,"unsorted",144.042871745474
"794",79,5,2,3,0.6,"sorted",147.867839610345
"795",79,5,2,3,0.7,"unsorted",148.392274333063
"796",79,5,2,3,0.7,"sorted",149.90177051754
"797",79,5,2,3,0.8,"unsorted",152.677988618777
"798",79,5,2,3,0.8,"sorted",152.677988618778
"799",79,5,2,3,0.9,"unsorted",156.427988618777
"800",79,5,2,3,0.9,"sorted",156.427988618777
"801",80,5,2,3,0.5,"unsorted",136.111442523212
"802",80,5,2,3,0.5,"sorted",134.83050867775
"803",80,5,2,3,0.6,"unsorted",137.401266214142
"804",80,5,2,3,0.6,"sorted",136.541273472633
"805",80,5,2,3,0.7,"unsorted",141.286363193599
"806",80,5,2,3,0.7,"sorted",141.286363193599
"807",80,5,2,3,0.8,"unsorted",145.572077479314
"808",80,5,2,3,0.8,"sorted",145.572077479314
"809",80,5,2,3,0.9,"unsorted",149.322077479314
"810",80,5,2,3,0.9,"sorted",149.322077479314
"811",81,5,2,3,0.5,"unsorted",140.355483414912
"812",81,5,2,3,0.5,"sorted",140.072255692809
"813",81,5,2,3,0.6,"unsorted",143.197359930758
"814",81,5,2,3,0.6,"sorted",143.61547615642
"815",81,5,2,3,0.7,"unsorted",146.882600950783
"816",81,5,2,3,0.7,"sorted",146.882600950783
"817",81,5,2,3,0.8,"unsorted",151.168315236497
"818",81,5,2,3,0.8,"sorted",151.168315236497
"819",81,5,2,3,0.9,"unsorted",154.918315236497
"820",81,5,2,3,0.9,"sorted",154.918315236497
"821",82,5,2,3,0.5,"unsorted",137.664538681712
"822",82,5,2,3,0.5,"sorted",142.865463702252
"823",82,5,2,3,0.6,"unsorted",140.611503352094
"824",82,5,2,3,0.6,"sorted",142.666413631128
"825",82,5,2,3,0.7,"unsorted",147.311503352094
"826",82,5,2,3,0.7,"sorted",147.742259322055
"827",82,5,2,3,0.8,"unsorted",152.532136741765
"828",82,5,2,3,0.8,"sorted",151.361325476593
"829",82,5,2,3,0.9,"unsorted",156.282136741765
"830",82,5,2,3,0.9,"sorted",156.282136741765
"831",83,5,2,3,0.5,"unsorted",148.297312461424
"832",83,5,2,3,0.5,"sorted",151.252222740458
"833",83,5,2,3,0.6,"unsorted",152.156385874454
"834",83,5,2,3,0.6,"sorted",154.552222740458
"835",83,5,2,3,0.7,"unsorted",156.047664977889
"836",83,5,2,3,0.7,"sorted",157.171288894996
"837",83,5,2,3,0.8,"unsorted",160.333379263604
"838",83,5,2,3,0.8,"sorted",160.056385874454
"839",83,5,2,3,0.9,"unsorted",164.083379263604
"840",83,5,2,3,0.9,"sorted",164.083379263604
"841",84,5,2,3,0.5,"unsorted",140.668239124916
"842",84,5,2,3,0.5,"sorted",143.854261124913
"843",84,5,2,3,0.6,"unsorted",141.098070074337
"844",84,5,2,3,0.6,"sorted",142.71993050677
"845",84,5,2,3,0.7,"unsorted",143.87444615723
"846",84,5,2,3,0.7,"sorted",144.883167053795
"847",84,5,2,3,0.8,"unsorted",148.160160442945
"848",84,5,2,3,0.8,"sorted",148.160160442945
"849",84,5,2,3,0.9,"unsorted",151.910160442945
"850",84,5,2,3,0.9,"sorted",151.910160442945
"851",85,5,2,3,0.5,"unsorted",140.855015032059
"852",85,5,2,3,0.5,"sorted",139.889934136015
"853",85,5,2,3,0.6,"unsorted",138.624853239972
"854",85,5,2,3,0.6,"sorted",140.083926653001
"855",85,5,2,3,0.7,"unsorted",141.935198497945
"856",85,5,2,3,0.7,"sorted",140.975205756437
"857",85,5,2,3,0.8,"unsorted",147.040928867074
"858",85,5,2,3,0.8,"sorted",145.870117601902
"859",85,5,2,3,0.9,"unsorted",150.790928867074
"860",85,5,2,3,0.9,"sorted",150.790928867074
"861",86,5,2,3,0.5,"unsorted",139.010011048312
"862",86,5,2,3,0.5,"sorted",144.210936068851
"863",86,5,2,3,0.6,"unsorted",144.385856739239
"864",86,5,2,3,0.6,"sorted",145.921700863735
"865",86,5,2,3,0.7,"unsorted",149.385856739239
"866",86,5,2,3,0.7,"sorted",149.385856739239
"867",86,5,2,3,0.8,"unsorted",153.671571024953
"868",86,5,2,3,0.8,"sorted",153.671571024953
"869",86,5,2,3,0.9,"unsorted",157.421571024953
"870",86,5,2,3,0.9,"sorted",157.421571024953
"871",87,5,2,3,0.5,"unsorted",137.826240951304
"872",87,5,2,3,0.5,"sorted",139.500217384875
"873",87,5,2,3,0.6,"unsorted",137.75056990134
"874",87,5,2,3,0.6,"sorted",138.091496488311
"875",87,5,2,3,0.7,"unsorted",141.076173930859
"876",87,5,2,3,0.7,"sorted",141.776593467769
"877",87,5,2,3,0.8,"unsorted",146.953586856919
"878",87,5,2,3,0.8,"sorted",146.953586856919
"879",87,5,2,3,0.9,"unsorted",150.703586856919
"880",87,5,2,3,0.9,"sorted",150.703586856919
"881",88,5,2,3,0.5,"unsorted",139.184364435457
"882",88,5,2,3,0.5,"sorted",140.182070558816
"883",88,5,2,3,0.6,"unsorted",143.725291022427
"884",88,5,2,3,0.6,"sorted",143.206224867889
"885",88,5,2,3,0.7,"unsorted",147.660210126384
"886",88,5,2,3,0.7,"sorted",147.382070558816
"887",88,5,2,3,0.8,"unsorted",152.171947978526
"888",88,5,2,3,0.8,"sorted",151.001136713354
"889",88,5,2,3,0.9,"unsorted",155.921947978526
"890",88,5,2,3,0.9,"sorted",155.921947978526
"891",89,5,2,3,0.5,"unsorted",137.710728064182
"892",89,5,2,3,0.5,"sorted",145.820373981285
"893",89,5,2,3,0.6,"unsorted",142.644697239262
"894",89,5,2,3,0.6,"sorted",147.596219672212
"895",89,5,2,3,0.7,"unsorted",147.544697239262
"896",89,5,2,3,0.7,"sorted",149.834351981288
"897",89,5,2,3,0.8,"unsorted",152.996442349896
"898",89,5,2,3,0.8,"sorted",152.719448960746
"899",89,5,2,3,0.9,"unsorted",156.746442349896
"900",89,5,2,3,0.9,"sorted",156.746442349896
"901",90,5,2,3,0.5,"unsorted",138.839695431631
"902",90,5,2,3,0.5,"sorted",142.334018791283
"903",90,5,2,3,0.6,"unsorted",141.442908636751
"904",90,5,2,3,0.6,"sorted",142.763849740704
"905",90,5,2,3,0.7,"unsorted",146.228005616209
"906",90,5,2,3,0.7,"sorted",145.949866048641
"907",90,5,2,3,0.8,"unsorted",150.513719901923
"908",90,5,2,3,0.8,"sorted",150.513719901923
"909",90,5,2,3,0.9,"unsorted",154.263719901923
"910",90,5,2,3,0.9,"sorted",154.263719901923
"911",91,5,2,3,0.5,"unsorted",140.62700055051
"912",91,5,2,3,0.5,"sorted",141.592081446554
"913",91,5,2,3,0.6,"unsorted",146.62700055051
"914",91,5,2,3,0.6,"sorted",146.692081446554
"915",91,5,2,3,0.7,"unsorted",151.62700055051
"916",91,5,2,3,0.7,"sorted",151.62700055051
"917",91,5,2,3,0.8,"unsorted",155.912714836224
"918",91,5,2,3,0.8,"sorted",155.912714836224
"919",91,5,2,3,0.9,"unsorted",159.662714836224
"920",91,5,2,3,0.9,"sorted",159.662714836224
"921",92,5,2,3,0.5,"unsorted",138.63717116752
"922",92,5,2,3,0.5,"sorted",142.898088929568
"923",92,5,2,3,0.6,"unsorted",141.832083012985
"924",92,5,2,3,0.6,"sorted",143.952074188062
"925",92,5,2,3,0.7,"unsorted",147.075303476596
"926",92,5,2,3,0.7,"sorted",147.075303476596
"927",92,5,2,3,0.8,"unsorted",151.36101776231
"928",92,5,2,3,0.8,"sorted",151.36101776231
"929",92,5,2,3,0.9,"unsorted",155.11101776231
"930",92,5,2,3,0.9,"sorted",155.11101776231
"931",93,5,2,3,0.5,"unsorted",145.658255131809
"932",93,5,2,3,0.5,"sorted",146.906563749955
"933",93,5,2,3,0.6,"unsorted",143.973688544318
"934",93,5,2,3,0.6,"sorted",145.491660729413
"935",93,5,2,3,0.7,"unsorted",146.65369736924
"936",93,5,2,3,0.7,"sorted",146.034631214702
"937",93,5,2,3,0.8,"unsorted",150.549756912928
"938",93,5,2,3,0.8,"sorted",150.549756912928
"939",93,5,2,3,0.9,"unsorted",154.299756912928
"940",93,5,2,3,0.9,"sorted",154.299756912928
"941",94,5,2,3,0.5,"unsorted",140.728933193588
"942",94,5,2,3,0.5,"sorted",147.51145588276
"943",94,5,2,3,0.6,"unsorted",140.68836235762
"944",94,5,2,3,0.6,"sorted",146.47748670768
"945",94,5,2,3,0.7,"unsorted",144.022506173664
"946",94,5,2,3,0.7,"sorted",145.761808399225
"947",94,5,2,3,0.8,"unsorted",147.248529740092
"948",94,5,2,3,0.8,"sorted",148.142347616114
"949",94,5,2,3,0.9,"unsorted",151.668565717352
"950",94,5,2,3,0.9,"sorted",151.668565717352
"951",95,5,2,3,0.5,"unsorted",144.385289455996
"952",95,5,2,3,0.5,"sorted",147.34019973503
"953",95,5,2,3,0.6,"unsorted",146.404355610534
"954",95,5,2,3,0.6,"sorted",149.116045425957
"955",95,5,2,3,0.7,"unsorted",150.230553817926
"956",95,5,2,3,0.7,"sorted",151.354177735033
"957",95,5,2,3,0.8,"unsorted",154.51626810364
"958",95,5,2,3,0.8,"sorted",154.51626810364
"959",95,5,2,3,0.9,"unsorted",158.26626810364
"960",95,5,2,3,0.9,"sorted",158.26626810364
"961",96,5,2,3,0.5,"unsorted",142.759686606709
"962",96,5,2,3,0.5,"sorted",142.759686606709
"963",96,5,2,3,0.6,"unsorted",147.54383365729
"964",96,5,2,3,0.6,"sorted",147.924767502752
"965",96,5,2,3,0.7,"unsorted",152.787054120901
"966",96,5,2,3,0.7,"sorted",152.787054120901
"967",96,5,2,3,0.8,"unsorted",157.072768406615
"968",96,5,2,3,0.8,"sorted",157.072768406615
"969",96,5,2,3,0.9,"unsorted",160.822768406615
"970",96,5,2,3,0.9,"sorted",160.822768406615
"971",97,5,2,3,0.5,"unsorted",143.553739952577
"972",97,5,2,3,0.5,"sorted",144.834673798039
"973",97,5,2,3,0.6,"unsorted",148.653739952577
"974",97,5,2,3,0.6,"sorted",149.034673798039
"975",97,5,2,3,0.7,"unsorted",153.929585643504
"976",97,5,2,3,0.7,"sorted",153.310519488966
"977",97,5,2,3,0.8,"unsorted",158.215299929218
"978",97,5,2,3,0.8,"sorted",158.215299929218
"979",97,5,2,3,0.9,"unsorted",161.965299929218
"980",97,5,2,3,0.9,"sorted",161.965299929218
"981",98,5,2,3,0.5,"unsorted",140.829941394507
"982",98,5,2,3,0.5,"sorted",141.79502229055
"983",98,5,2,3,0.6,"unsorted",145.780119270008
"984",98,5,2,3,0.6,"sorted",145.99502229055
"985",98,5,2,3,0.7,"unsorted",150.780119270008
"986",98,5,2,3,0.7,"sorted",150.780119270008
"987",98,5,2,3,0.8,"unsorted",155.065833555722
"988",98,5,2,3,0.8,"sorted",155.065833555722
"989",98,5,2,3,0.9,"unsorted",158.815833555722
"990",98,5,2,3,0.9,"sorted",158.815833555722
"991",99,5,2,3,0.5,"unsorted",145.018352465768
"992",99,5,2,3,0.5,"sorted",147.940637517486
"993",99,5,2,3,0.6,"unsorted",147.129541879936
"994",99,5,2,3,0.6,"sorted",148.475556621442
"995",99,5,2,3,0.7,"unsorted",149.912100086808
"996",99,5,2,3,0.7,"sorted",150.527778395262
"997",99,5,2,3,0.8,"unsorted",154.197814372522
"998",99,5,2,3,0.8,"sorted",154.197814372522
"999",99,5,2,3,0.9,"unsorted",157.947814372522
"1000",99,5,2,3,0.9,"sorted",157.947814372522
